x,y,vx,vy
0.7691035747729839,0.3047991968064625,1.9202257702473167,2.5153521831313177
0.8913124341540891,0.12555307211645442,5.612396730789659,9.243124084833859
