mae_x,mse_x,mae_y,mse_y,mae_vx,mse_vx,mae_vy,mse_vy
1.435807782741247,2.816236857602821,0.609017393977792,0.45824563329781043,1.6857498631660126,4.6737864719272,2.162372039618431,7.297275792046371
