mae_x,mse_x,mae_y,mse_y,mae_vx,mse_vx,mae_vy,mse_vy
0.7691035747729839,0.8913124341540891,0.3047991968064625,0.12555307211645442,1.9202257702473167,5.612396730789659,2.5153521831313177,9.243124084833859
