x,y,vx,vy
1.086635177618213,0.3108952676971279,2.1113821631489214,2.539755746653166
1.4555460970497867,0.13542824799994937,6.467113847012684,9.254295193599862
