x,y,vx,vy
1.435807782741247,0.609017393977792,1.6857498631660126,2.162372039618431
2.816236857602821,0.45824563329781043,4.6737864719272,7.297275792046371
