x,y,vx,vy
1.0045524572001874,0.23294910752560366,1.0432954760264108,1.3677162531589375
1.3333980495873374,0.07753693987579474,1.501295016164724,2.8358028179434935
