mae_x,mse_x,mae_y,mse_y,mae_vx,mse_vx,mae_vy,mse_vy
0.9044287607049121,1.350590381961927,0.183291436179713,0.05581289726982634,1.013060022941253,1.4222783700716484,1.3585416335618685,2.8193532469812057
