x,y,vx,vy
0.9044287607049121,0.183291436179713,1.013060022941253,1.3585416335618685
1.350590381961927,0.05581289726982634,1.4222783700716484,2.8193532469812057
